-- PR #23 visible-fork workflow showcase.
--
-- A billing team needs to upgrade the Stripe SDK without risking its live
-- maintenance workspace. Codex recognizes the exploratory dependency change,
-- asks for approval, schedules one host-owned fork, polls it, opens the fork in
-- a right-hand tmux pane, and sends the original task to the forked agent.
--
-- Load db/schema.sql first. This fixture is safe to run repeatedly and only
-- replaces its reserved billing-visible-fork rows.

PRAGMA foreign_keys = ON;
BEGIN IMMEDIATE;

DELETE FROM alerts
WHERE alert_id BETWEEN 94001 AND 94010;

DELETE FROM agent_events
WHERE event_id BETWEEN 93001 AND 93050;

DELETE FROM requests
WHERE request_id BETWEEN 9301 AND 9305;

DELETE FROM sessions
WHERE session_id IN (
  'billing-api-maintenance',
  'billing-stripe-v5-upgrade',
  'billing-webhook-security',
  'billing-ledger-backfill',
  'billing-reconciliation'
);

DELETE FROM transaction_events
WHERE operation_id LIKE 'txn-billing-%';

INSERT INTO sessions (
  session_id, agent_id, first_event_at, last_event_at, flagged
) VALUES
  ('billing-api-maintenance', 'codex · tclone source',
    (unixepoch('now', '-45 minutes') * 1000), NULL, 0),
  ('billing-stripe-v5-upgrade', 'codex · visible dependency-upgrade fork',
    (unixepoch('now', '-39 minutes') * 1000), (unixepoch('now', '-22 minutes') * 1000), 0),
  ('billing-webhook-security', 'codex · webhook hardening fork',
    (unixepoch('now', '-20 minutes') * 1000), (unixepoch('now', '-14 minutes') * 1000), 0),
  ('billing-ledger-backfill', 'codex · ledger backfill fork',
    (unixepoch('now', '-20 minutes') * 1000), (unixepoch('now', '-4 minutes') * 1000), 1),
  ('billing-reconciliation', 'codex · active reconciliation source',
    (unixepoch('now', '-20 minutes') * 1000), NULL, 0);

INSERT INTO requests (
  request_id, session_id, original_user_prompt, final_response, events,
  file_accessed_rate, network_rate
) VALUES
  (9301, 'billing-api-maintenance',
    'Upgrade the Stripe Rust SDK from v4 to v5, update Cargo.lock, run the billing tests, and fix any migration breakages.',
    'You approved an isolated visible fork. I scheduled it once, waited for it to become ready, and sent the upgrade task to the forked Codex pane.',
    '[]', 1.0, 0.0),
  (9302, 'billing-stripe-v5-upgrade',
    'Gensee context: this request is already running inside forked run billing-stripe-v5-upgrade. Do not create another fork for this task; continue the requested work in this fork. Upgrade the Stripe Rust SDK from v4 to v5, update Cargo.lock, run the billing tests, and fix any migration breakages.',
    'Upgraded stripe-rust to v5, adapted PaymentIntent handling, and passed the billing and workspace test suites without changing the source workspace.',
    '[]', 3.5, 0.0),
  (9303, 'billing-webhook-security',
    'Harden Stripe webhook verification against replayed delivery IDs.',
    'Added replay protection and merged the focused webhook changes after validation.',
    '[]', 2.5, 0.0),
  (9304, 'billing-ledger-backfill',
    'Prototype a ledger backfill migration for payments created before the Stripe v5 rollout.',
    'The migration conflicted with the updated payment schema, so the environment was discarded and deleted while its history was retained.',
    '[]', 3.0, 0.0),
  (9305, 'billing-reconciliation',
    'Move reconciliation into an idempotent background worker without disturbing the release source.',
    'The worker design passed its tests, became the active source, and was exported for review.',
    '[]', 3.0, 0.0);

INSERT INTO agent_events (
  event_id, pid, request_id, ts, source, type, cwd, permission_mode,
  tool_name, tool_input, tool_response, tool_use_id
) VALUES
  (93001, 5100, 9301, (unixepoch('now', '-44 minutes') * 1000),
    'codex', 'UserPromptSubmit', '/workspace/billing-api', 'default', NULL,
    '{"prompt":"Upgrade the Stripe Rust SDK from v4 to v5, update Cargo.lock, run the billing tests, and fix any migration breakages.","policy_context":"Fork-worthy dependency upgrade detected; request user approval before changing the source workspace.","rule_id":"policy_fork_suggested"}',
    '{"action":"allow","guidance":"Ask for approval, schedule one visible fork, poll its status, then send the original task."}',
    'billing-upgrade-prompt'),

  (93002, 5100, 9301, (unixepoch('now', '-43 minutes', '-50 seconds') * 1000),
    'codex', 'PreToolUse', '/workspace/billing-api', 'default', 'Bash',
    '{"command":"ps -p 1 -o comm= && rustc --version && command -v gensee"}', NULL,
    'billing-source-runtime'),
  (93003, 5100, 9301, (unixepoch('now', '-43 minutes', '-49 seconds') * 1000),
    'codex', 'PostToolUse', '/workspace/billing-api', 'default', 'Bash',
    '{"command":"ps -p 1 -o comm= && rustc --version && command -v gensee"}',
    '{"duration_ms":38,"stdout":"gensee-tclone-init\\nrustc 1.88.0\\n/usr/local/bin/gensee\\n","reaping_init":true,"tooling_preserved":true}',
    'billing-source-runtime'),

  (93023, 5100, 9301, (unixepoch('now', '-43 minutes', '-30 seconds') * 1000),
    'codex', 'PreToolUse', '/workspace/billing-api', 'default', 'Bash',
    '{"command":"cargo update -p stripe"}',
    '{"permissionDecision":"deny","rule_id":"policy_fork_suggested","reason":"Dependency upgrades are blocked in the tclone source. Ask for approval and continue in a fork."}',
    'billing-source-upgrade-blocked'),

  (93004, 5100, 9301, (unixepoch('now', '-42 minutes') * 1000),
    'codex', 'PreToolUse', '/workspace/billing-api', 'default', 'Bash',
    '{"command":"gensee run fork billing-api-maintenance --name stripe-v5 --attach tmux:right --json"}',
    NULL, 'billing-fork-schedule'),
  (93005, 5100, 9301, (unixepoch('now', '-41 minutes', '-59 seconds') * 1000),
    'codex', 'PostToolUse', '/workspace/billing-api', 'default', 'Bash',
    '{"command":"gensee run fork billing-api-maintenance --name stripe-v5 --attach tmux:right --json"}',
    '{"duration_ms":81,"transport":"signed-host-control","source_pane":"reattached","progress_pane":"hidden","output":{"scheduled":true,"command":"run fork","job_id":"billing-api-maintenance_5100_1784566800000","status":"scheduled","status_command":"gensee run fork-status billing-api-maintenance_5100_1784566800000 --json","poll_command":"gensee run fork-status billing-api-maintenance_5100_1784566800000 --json","message":"gensee scheduled the tclone fork on the host; poll status_command until status=succeeded, then send work to forks[0].run_id"}}',
    'billing-fork-schedule'),

  (93006, 5100, 9301, (unixepoch('now', '-41 minutes') * 1000),
    'codex', 'PreToolUse', '/workspace/billing-api', 'default', 'Bash',
    '{"command":"gensee run fork-status billing-api-maintenance_5100_1784566800000 --json"}',
    NULL, 'billing-fork-status-running'),
  (93007, 5100, 9301, (unixepoch('now', '-40 minutes', '-59 seconds') * 1000),
    'codex', 'PostToolUse', '/workspace/billing-api', 'default', 'Bash',
    '{"command":"gensee run fork-status billing-api-maintenance_5100_1784566800000 --json"}',
    '{"duration_ms":24,"transport":"signed-file-control","output":{"command":"run fork-status","job_id":"billing-api-maintenance_5100_1784566800000","status":"running","exit_code":null,"message":"tclone fork job is still running; poll this command again"}}',
    'billing-fork-status-running'),

  (93008, 5100, 9301, (unixepoch('now', '-40 minutes') * 1000),
    'codex', 'PreToolUse', '/workspace/billing-api', 'default', 'Bash',
    '{"command":"gensee run fork billing-api-maintenance --name stripe-v5 --attach tmux:right --json"}',
    '{"permissionDecision":"deny","rule_id":"policy_tclone_fork_scheduled","reason":"A fork for billing-api-maintenance with name stripe-v5 is already scheduled. Poll the existing job instead of scheduling a duplicate."}',
    'billing-duplicate-fork-blocked'),

  (93009, 5100, 9301, (unixepoch('now', '-39 minutes', '-10 seconds') * 1000),
    'codex', 'PreToolUse', '/workspace/billing-api', 'default', 'Bash',
    '{"command":"gensee run fork-status billing-api-maintenance_5100_1784566800000 --json"}',
    NULL, 'billing-fork-status-ready'),
  (93010, 5100, 9301, (unixepoch('now', '-39 minutes', '-9 seconds') * 1000),
    'codex', 'PostToolUse', '/workspace/billing-api', 'default', 'Bash',
    '{"command":"gensee run fork-status billing-api-maintenance_5100_1784566800000 --json"}',
    '{"duration_ms":27,"output":{"command":"run fork-status","job_id":"billing-api-maintenance_5100_1784566800000","status":"succeeded","exit_code":0,"source_run_id":"billing-api-maintenance","forked_at_ms":1784566851000,"forks":[{"run_id":"billing-stripe-v5-upgrade","container":"stripe-v5-1784566851000","role":"fork","source_run_id":"billing-api-maintenance","workspace":"/workspace"}]},"tmux":{"placement":"right","pane_visible":true}}',
    'billing-fork-status-ready'),

  (93011, 5100, 9301, (unixepoch('now', '-38 minutes') * 1000),
    'codex', 'PreToolUse', '/workspace/billing-api', 'default', 'Bash',
    '{"command":"gensee run exec billing-stripe-v5-upgrade --json -- cargo update -p stripe"}',
    '{"permissionDecision":"deny","rule_id":"policy_tclone_exec_host_only","reason":"A source cannot execute commands inside its child fork. Use gensee run send so the work remains visible in the forked agent pane."}',
    'billing-cross-run-exec-blocked'),

  (93012, 5100, 9301, (unixepoch('now', '-37 minutes') * 1000),
    'codex', 'PreToolUse', '/workspace/billing-api', 'default', 'Bash',
    '{"command":"gensee run send billing-stripe-v5-upgrade --json -- Upgrade the Stripe Rust SDK from v4 to v5, update Cargo.lock, run the billing tests, and fix any migration breakages."}',
    NULL, 'billing-send-work'),
  (93013, 5100, 9301, (unixepoch('now', '-36 minutes', '-59 seconds') * 1000),
    'codex', 'PostToolUse', '/workspace/billing-api', 'default', 'Bash',
    '{"command":"gensee run send billing-stripe-v5-upgrade --json -- Upgrade the Stripe Rust SDK from v4 to v5, update Cargo.lock, run the billing tests, and fix any migration breakages."}',
    '{"duration_ms":34,"transport":"signed-host-control","output":{"run_id":"billing-stripe-v5-upgrade","container":"stripe-v5-1784566851000","session":"gensee-agent","entered":true,"sent":true},"visible_in_tmux":true}',
    'billing-send-work'),

  (93014, 5200, 9302, (unixepoch('now', '-36 minutes') * 1000),
    'codex', 'UserPromptSubmit', '/workspace/billing-api', 'default', NULL,
    '{"prompt":"Gensee context: this request is already running inside forked run billing-stripe-v5-upgrade. Do not create another fork for this task; continue the requested work in this fork. Upgrade the Stripe Rust SDK from v4 to v5, update Cargo.lock, run the billing tests, and fix any migration breakages.","fork_context":{"role":"fork","source_run_id":"billing-api-maintenance","recursive_fork_suggestion":false}}',
    '{"action":"allow","reason":"The task is already running in its approved fork."}',
    'billing-fork-prompt'),

  (93015, 5200, 9302, (unixepoch('now', '-35 minutes') * 1000),
    'codex', 'PreToolUse', '/workspace/billing-api', 'default', 'Bash',
    '{"command":"rustc --version && command -v cargo && command -v gensee && jq -r .role /tmp/gensee-run-context.json"}',
    NULL, 'billing-fork-context'),
  (93016, 5200, 9302, (unixepoch('now', '-34 minutes', '-59 seconds') * 1000),
    'codex', 'PostToolUse', '/workspace/billing-api', 'default', 'Bash',
    '{"command":"rustc --version && command -v cargo && command -v gensee && jq -r .role /tmp/gensee-run-context.json"}',
    '{"duration_ms":45,"stdout":"rustc 1.88.0\\n/home/gensee/.cargo/bin/cargo\\n/usr/local/bin/gensee\\nfork\\n","environment_preserved":true,"capability_scope":"self plus source-to-direct-child handoff"}',
    'billing-fork-context'),

  (93017, 5200, 9302, (unixepoch('now', '-34 minutes') * 1000),
    'codex', 'PreToolUse', '/workspace/billing-api', 'default', 'Bash',
    '{"command":"cargo update -p stripe --precise 5.0.0"}', NULL,
    'billing-stripe-update'),
  (93018, 5200, 9302, (unixepoch('now', '-33 minutes') * 1000),
    'codex', 'PostToolUse', '/workspace/billing-api', 'default', 'Bash',
    '{"command":"cargo update -p stripe --precise 5.0.0"}',
    '{"duration_ms":58211,"stdout":"Updating stripe v4.2.0 -> v5.0.0\\nUpdating Cargo.lock\\n"}',
    'billing-stripe-update'),

  (93019, 5200, 9302, (unixepoch('now', '-31 minutes') * 1000),
    'codex', 'PreToolUse', '/workspace/billing-api', 'default', 'Bash',
    '{"command":"cargo test -p billing-api payment_intent"}', NULL,
    'billing-focused-tests'),
  (93020, 5200, 9302, (unixepoch('now', '-29 minutes') * 1000),
    'codex', 'PostToolUse', '/workspace/billing-api', 'default', 'Bash',
    '{"command":"cargo test -p billing-api payment_intent"}',
    '{"duration_ms":118000,"stdout":"test result: ok. 18 passed; 0 failed\\n"}',
    'billing-focused-tests'),

  (93021, 5200, 9302, (unixepoch('now', '-27 minutes') * 1000),
    'codex', 'PreToolUse', '/workspace/billing-api', 'default', 'Bash',
    '{"command":"gensee run exec billing-stripe-v5-upgrade --json -- cargo test --workspace"}',
    NULL, 'billing-structured-exec'),
  (93022, 5200, 9302, (unixepoch('now', '-24 minutes') * 1000),
    'codex', 'PostToolUse', '/workspace/billing-api', 'default', 'Bash',
    '{"command":"gensee run exec billing-stripe-v5-upgrade --json -- cargo test --workspace"}',
    '{"duration_ms":180000,"transport":"signed-host-control","output":{"run_id":"billing-stripe-v5-upgrade","container":"stripe-v5-1784566851000","exit_code":0,"success":true,"stdout":"test result: ok. 246 passed; 0 failed\\n","stderr":""}}',
    'billing-structured-exec'),

  (93024, 5300, 9303, (unixepoch('now', '-19 minutes') * 1000),
    'codex', 'PreToolUse', '/workspace/billing-api', 'default', 'Edit',
    '{"operation":"edit","path":"src/webhooks/stripe.rs","change":"Reject replayed Stripe delivery IDs"}',
    NULL, 'billing-webhook-edit'),
  (93025, 5300, 9303, (unixepoch('now', '-18 minutes', '-20 seconds') * 1000),
    'codex', 'PostToolUse', '/workspace/billing-api', 'default', 'Edit',
    '{"operation":"edit","path":"src/webhooks/stripe.rs","change":"Reject replayed Stripe delivery IDs"}',
    '{"duration_ms":40000,"files_changed":2}', 'billing-webhook-edit'),
  (93026, 5300, 9303, (unixepoch('now', '-17 minutes') * 1000),
    'codex', 'PreToolUse', '/workspace/billing-api', 'default', 'Bash',
    '{"command":"cargo test -p billing-api webhook_replay"}', NULL,
    'billing-webhook-tests'),
  (93027, 5300, 9303, (unixepoch('now', '-16 minutes') * 1000),
    'codex', 'PostToolUse', '/workspace/billing-api', 'default', 'Bash',
    '{"command":"cargo test -p billing-api webhook_replay"}',
    '{"duration_ms":60000,"stdout":"test result: ok. 12 passed; 0 failed\\n"}',
    'billing-webhook-tests'),

  (93028, 5400, 9304, (unixepoch('now', '-19 minutes') * 1000),
    'codex', 'PreToolUse', '/workspace/billing-api', 'default', 'Edit',
    '{"operation":"edit","path":"migrations/20260720_backfill_ledger.sql","change":"Backfill legacy Stripe charges into the ledger"}',
    NULL, 'billing-ledger-migration'),
  (93029, 5400, 9304, (unixepoch('now', '-17 minutes', '-30 seconds') * 1000),
    'codex', 'PostToolUse', '/workspace/billing-api', 'default', 'Edit',
    '{"operation":"edit","path":"migrations/20260720_backfill_ledger.sql","change":"Backfill legacy Stripe charges into the ledger"}',
    '{"duration_ms":90000,"files_changed":3}', 'billing-ledger-migration'),
  (93030, 5400, 9304, (unixepoch('now', '-16 minutes') * 1000),
    'codex', 'PreToolUse', '/workspace/billing-api', 'default', 'Bash',
    '{"command":"cargo test -p billing-api ledger_backfill"}', NULL,
    'billing-ledger-tests'),
  (93031, 5400, 9304, (unixepoch('now', '-14 minutes') * 1000),
    'codex', 'PostToolUse', '/workspace/billing-api', 'default', 'Bash',
    '{"command":"cargo test -p billing-api ledger_backfill"}',
    '{"duration_ms":120000,"stderr":"Schema conflict: payment_intents.stripe_status changed after this fork\\n","failed":true}',
    'billing-ledger-tests'),

  (93032, 5500, 9305, (unixepoch('now', '-19 minutes') * 1000),
    'codex', 'PreToolUse', '/workspace/billing-api', 'default', 'Edit',
    '{"operation":"edit","path":"src/reconciliation/worker.rs","change":"Add idempotent background reconciliation worker"}',
    NULL, 'billing-reconciliation-edit'),
  (93033, 5500, 9305, (unixepoch('now', '-17 minutes') * 1000),
    'codex', 'PostToolUse', '/workspace/billing-api', 'default', 'Edit',
    '{"operation":"edit","path":"src/reconciliation/worker.rs","change":"Add idempotent background reconciliation worker"}',
    '{"duration_ms":120000,"files_changed":5}', 'billing-reconciliation-edit'),
  (93034, 5500, 9305, (unixepoch('now', '-13 minutes') * 1000),
    'codex', 'PreToolUse', '/workspace/billing-api', 'default', 'Bash',
    '{"command":"cargo test -p billing-api reconciliation_worker"}', NULL,
    'billing-reconciliation-tests'),
  (93035, 5500, 9305, (unixepoch('now', '-11 minutes') * 1000),
    'codex', 'PostToolUse', '/workspace/billing-api', 'default', 'Bash',
    '{"command":"cargo test -p billing-api reconciliation_worker"}',
    '{"duration_ms":120000,"stdout":"test result: ok. 21 passed; 0 failed\\n"}',
    'billing-reconciliation-tests');

-- Synthetic policy decisions are intentionally unchained fixture rows. In a
-- running Gensee process, the store appends these through the alert hash chain.
INSERT INTO alerts (
  alert_id, request_id, entity_kind, entity_id, severity, action,
  rule_id, message, path, evidence, created_at
) VALUES
  (94001, 9301, 'agent_event', 93001, 'info', 'allow',
    'policy_fork_suggested',
    'Dependency upgrade should run in an approved fork instead of the source workspace',
    '/workspace/billing-api',
    '{"source":"fork_suggestion","phase":"user_prompt","reason":"dependency_upgrade","suggested_name":"try-upgrade","current_run_id":"billing-api-maintenance","provider":"codex"}',
    (unixepoch('now', '-44 minutes') * 1000)),
  (94002, 9301, 'agent_event', 93004, 'info', 'allow',
    'policy_tclone_fork_scheduled',
    'User approved one visible Stripe v5 fork; async host scheduling is allowed',
    '/workspace/billing-api',
    '{"source_run_id":"billing-api-maintenance","name":"stripe-v5","job_id":"billing-api-maintenance_5100_1784566800000","attach":"tmux:right","scheduled":true}',
    (unixepoch('now', '-42 minutes') * 1000)),
  (94003, 9301, 'agent_event', 93008, 'medium', 'block',
    'policy_tclone_fork_scheduled',
    'Duplicate Stripe v5 fork scheduling was prevented; poll the existing job',
    '/workspace/billing-api',
    '{"source_run_id":"billing-api-maintenance","name":"stripe-v5","job_id":"billing-api-maintenance_5100_1784566800000","duplicate":true}',
    (unixepoch('now', '-40 minutes') * 1000)),
  (94004, 9301, 'agent_event', 93011, 'medium', 'block',
    'policy_tclone_exec_host_only',
    'Source-to-child exec was blocked; hand visible work to the fork with gensee run send',
    '/workspace/billing-api',
    '{"caller_run_id":"billing-api-maintenance","target_run_id":"billing-stripe-v5-upgrade","attempted_command":"run exec","recommended_command":"run send","authority":"source_to_direct_child_send"}',
    (unixepoch('now', '-38 minutes') * 1000)),
  (94005, 9301, 'agent_event', 93023, 'medium', 'block',
    'policy_fork_suggested',
    'Stripe dependency update was blocked in the source until an approved fork was ready',
    '/workspace/billing-api',
    '{"source":"fork_suggestion","phase":"pre_tool","reason":"dependency_upgrade","current_run_id":"billing-api-maintenance","command":"cargo update -p stripe","source_command_blocked":true}',
    (unixepoch('now', '-43 minutes', '-30 seconds') * 1000));

INSERT INTO transaction_events (
  operation_id, environment_kind, operation, phase,
  source_run_id, target_run_id, parent_run_id, workspace,
  summary, error_kind, error_message, metadata, occurred_at
) VALUES
  ('txn-billing-visible-source', 'tclone', 'source', 'started',
    'billing-api-maintenance', NULL, NULL, '/workspace/billing-api',
    'Preparing billing API maintenance source', NULL, NULL,
    '{"status":"preparing","container_name":"gensee-billing-maintenance","reaping_init":true}',
    (unixepoch('now', '-45 minutes') * 1000)),
  ('txn-billing-visible-source', 'tclone', 'source', 'succeeded',
    'billing-api-maintenance', NULL, NULL, '/workspace/billing-api',
    'Billing API maintenance source is ready with preserved Rust and Gensee tooling', NULL, NULL,
    '{"status":"running","container_name":"gensee-billing-maintenance","pid1":"gensee-tclone-init","reaping_init":true,"tooling_preserved":true}',
    (unixepoch('now', '-44 minutes', '-55 seconds') * 1000)),

  ('txn-billing-visible-fork', 'tclone', 'fork', 'started',
    'billing-api-maintenance', NULL, 'billing-api-maintenance', '/workspace/billing-api',
    'User approved Stripe v5 exploration; visible fork scheduled on the host', NULL, NULL,
    '{"status":"scheduled","scheduled":true,"job_id":"billing-api-maintenance_5100_1784566800000","attach":"tmux:right","host_control":true,"status_command":"gensee run fork-status billing-api-maintenance_5100_1784566800000 --json","copies":1}',
    (unixepoch('now', '-42 minutes') * 1000)),
  ('txn-billing-visible-fork', 'tclone', 'fork', 'started',
    'billing-api-maintenance', NULL, 'billing-api-maintenance', '/workspace/billing-api',
    'Source pane reattached; host fork job continues without a noisy progress pane', NULL, NULL,
    '{"status":"running","scheduled":true,"job_id":"billing-api-maintenance_5100_1784566800000","attach":"tmux:right","host_control":true,"file_control_bridge":true,"source_reattached":true,"progress_pane_hidden":true,"status_command":"gensee run fork-status billing-api-maintenance_5100_1784566800000 --json","duplicate_schedule_prevented":true,"copies":1}',
    (unixepoch('now', '-41 minutes') * 1000)),
  ('txn-billing-visible-fork', 'tclone', 'fork', 'succeeded',
    'billing-api-maintenance', 'billing-stripe-v5-upgrade', 'billing-api-maintenance', '/workspace/billing-api',
    'Stripe v5 fork is ready in a visible right-hand tmux pane', NULL, NULL,
    '{"status":"succeeded","scheduled":true,"job_id":"billing-api-maintenance_5100_1784566800000","attach":"tmux:right","pane_visible":true,"host_control":true,"file_control_bridge":true,"source_reattached":true,"progress_pane_hidden":true,"status_command":"gensee run fork-status billing-api-maintenance_5100_1784566800000 --json","copies":1,"copy_index":0,"container_name":"stripe-v5-1784566851000","prompt_sent":true,"duplicate_schedule_prevented":true,"recursive_fork_suggestion":false}',
    (unixepoch('now', '-39 minutes', '-9 seconds') * 1000)),

  ('txn-billing-stripe-validation', 'tclone', 'merge', 'started',
    'billing-stripe-v5-upgrade', 'billing-api-maintenance', 'billing-api-maintenance', '/workspace/billing-api',
    'Validating Stripe v5 upgrade before merging into billing maintenance', NULL, NULL,
    '{"scope":"git","paths":[],"dry_run":true,"force":false}',
    (unixepoch('now', '-23 minutes', '-30 seconds') * 1000)),
  ('txn-billing-stripe-validation', 'tclone', 'merge', 'succeeded',
    'billing-stripe-v5-upgrade', 'billing-api-maintenance', 'billing-api-maintenance', '/workspace/billing-api',
    'Validated Stripe v5 upgrade against the billing source', NULL, NULL,
    '{"scope":"git","paths":[],"dry_run":true,"force":false,"changed":8,"upserted":8,"deleted":0}',
    (unixepoch('now', '-23 minutes', '-29 seconds') * 1000)),
  ('txn-billing-stripe-merge', 'tclone', 'merge', 'started',
    'billing-stripe-v5-upgrade', 'billing-api-maintenance', 'billing-api-maintenance', '/workspace/billing-api',
    'Merging validated Stripe v5 upgrade into billing maintenance', NULL, NULL,
    '{"scope":"git","paths":[],"dry_run":false,"force":false}',
    (unixepoch('now', '-23 minutes') * 1000)),
  ('txn-billing-stripe-merge', 'tclone', 'merge', 'succeeded',
    'billing-stripe-v5-upgrade', 'billing-api-maintenance', 'billing-api-maintenance', '/workspace/billing-api',
    'Merged Stripe v5 upgrade into billing maintenance', NULL, NULL,
    '{"scope":"git","paths":[],"dry_run":false,"force":false,"changed":8,"upserted":8,"deleted":0}',
    (unixepoch('now', '-22 minutes', '-59 seconds') * 1000)),

  ('txn-billing-followups-fork', 'tclone', 'fork', 'started',
    'billing-api-maintenance', NULL, 'billing-api-maintenance', '/workspace/billing-api',
    'Creating 3 isolated follow-up approaches from the Stripe v5 source', NULL, NULL,
    '{"copies":3,"requested_name":"billing-v5-followups"}',
    (unixepoch('now', '-21 minutes') * 1000)),
  ('txn-billing-followups-fork', 'tclone', 'fork', 'succeeded',
    'billing-api-maintenance', 'billing-webhook-security', 'billing-api-maintenance', '/workspace/billing-api',
    'Forked webhook replay hardening from the Stripe v5 source', NULL, NULL,
    '{"copies":3,"copy_index":0,"container_name":"gensee-billing-webhook-security"}',
    (unixepoch('now', '-20 minutes', '-58 seconds') * 1000)),
  ('txn-billing-followups-fork', 'tclone', 'fork', 'succeeded',
    'billing-api-maintenance', 'billing-ledger-backfill', 'billing-api-maintenance', '/workspace/billing-api',
    'Forked legacy ledger backfill from the Stripe v5 source', NULL, NULL,
    '{"copies":3,"copy_index":1,"container_name":"gensee-billing-ledger-backfill"}',
    (unixepoch('now', '-20 minutes', '-57 seconds') * 1000)),
  ('txn-billing-followups-fork', 'tclone', 'fork', 'succeeded',
    'billing-api-maintenance', 'billing-reconciliation', 'billing-api-maintenance', '/workspace/billing-api',
    'Forked reconciliation worker redesign from the Stripe v5 source', NULL, NULL,
    '{"copies":3,"copy_index":2,"container_name":"gensee-billing-reconciliation"}',
    (unixepoch('now', '-20 minutes', '-56 seconds') * 1000)),

  ('txn-billing-webhook-validation', 'tclone', 'merge', 'started',
    'billing-webhook-security', 'billing-api-maintenance', 'billing-api-maintenance', '/workspace/billing-api',
    'Validating webhook replay protection against the Stripe v5 source', NULL, NULL,
    '{"scope":"git","paths":["src/webhooks"],"dry_run":true,"force":false}',
    (unixepoch('now', '-15 minutes', '-30 seconds') * 1000)),
  ('txn-billing-webhook-validation', 'tclone', 'merge', 'succeeded',
    'billing-webhook-security', 'billing-api-maintenance', 'billing-api-maintenance', '/workspace/billing-api',
    'Validated webhook replay protection', NULL, NULL,
    '{"scope":"git","paths":["src/webhooks"],"dry_run":true,"force":false,"changed":3,"upserted":3,"deleted":0}',
    (unixepoch('now', '-15 minutes', '-29 seconds') * 1000)),
  ('txn-billing-webhook-merge', 'tclone', 'merge', 'started',
    'billing-webhook-security', 'billing-api-maintenance', 'billing-api-maintenance', '/workspace/billing-api',
    'Merging webhook replay protection into billing maintenance', NULL, NULL,
    '{"scope":"git","paths":["src/webhooks"],"dry_run":false,"force":false}',
    (unixepoch('now', '-15 minutes') * 1000)),
  ('txn-billing-webhook-merge', 'tclone', 'merge', 'succeeded',
    'billing-webhook-security', 'billing-api-maintenance', 'billing-api-maintenance', '/workspace/billing-api',
    'Merged webhook replay protection into billing maintenance', NULL, NULL,
    '{"scope":"git","paths":["src/webhooks"],"dry_run":false,"force":false,"changed":3,"upserted":3,"deleted":0}',
    (unixepoch('now', '-14 minutes', '-59 seconds') * 1000)),

  ('txn-billing-ledger-merge', 'tclone', 'merge', 'started',
    'billing-ledger-backfill', 'billing-api-maintenance', 'billing-api-maintenance', '/workspace/billing-api',
    'Merging legacy ledger backfill into the updated billing source', NULL, NULL,
    '{"scope":"filesystem","paths":[],"dry_run":false,"force":false}',
    (unixepoch('now', '-14 minutes') * 1000)),
  ('txn-billing-ledger-merge', 'tclone', 'merge', 'failed',
    'billing-ledger-backfill', 'billing-api-maintenance', 'billing-api-maintenance', '/workspace/billing-api',
    'Ledger backfill merge failed against the newer webhook-protected source', 'invaliddata',
    'Filesystem merge has 2 conflicts: migrations/20260720_backfill_ledger.sql and src/models/payment_intent.rs',
    '{"scope":"filesystem","paths":[],"dry_run":false,"force":false,"conflicts":2}',
    (unixepoch('now', '-13 minutes', '-59 seconds') * 1000)),

  ('txn-billing-reconciliation-switch', 'tclone', 'switch', 'started',
    'billing-reconciliation', 'billing-reconciliation', 'billing-api-maintenance', '/workspace/billing-api',
    'Switching active source to the reconciliation worker design', NULL, NULL, NULL,
    (unixepoch('now', '-12 minutes') * 1000)),
  ('txn-billing-reconciliation-switch', 'tclone', 'switch', 'succeeded',
    'billing-reconciliation', 'billing-reconciliation', 'billing-api-maintenance', '/workspace/billing-api',
    'Reconciliation worker became active; later sibling merges are not inherited', NULL, NULL,
    '{"diverged_before_webhook_merge":true}',
    (unixepoch('now', '-11 minutes', '-59 seconds') * 1000)),

  ('txn-billing-ledger-discard', 'tclone', 'discard', 'started',
    'billing-ledger-backfill', NULL, 'billing-api-maintenance', '/workspace/billing-api',
    'Discarding the conflicting ledger backfill approach', NULL, NULL, NULL,
    (unixepoch('now', '-10 minutes', '-30 seconds') * 1000)),
  ('txn-billing-ledger-discard', 'tclone', 'discard', 'succeeded',
    'billing-ledger-backfill', NULL, 'billing-api-maintenance', '/workspace/billing-api',
    'Discarded the conflicting ledger backfill approach', NULL, NULL, NULL,
    (unixepoch('now', '-10 minutes', '-29 seconds') * 1000)),

  ('txn-billing-reconciliation-keep', 'tclone', 'keep', 'started',
    'billing-reconciliation', NULL, 'billing-api-maintenance', '/workspace/billing-api',
    'Exporting active reconciliation worker workspace for architecture review', NULL, NULL,
    '{"destination":"/tmp/billing-reconciliation-review"}',
    (unixepoch('now', '-8 minutes') * 1000)),
  ('txn-billing-reconciliation-keep', 'tclone', 'keep', 'succeeded',
    'billing-reconciliation', NULL, 'billing-api-maintenance', '/workspace/billing-api',
    'Exported reconciliation worker workspace for architecture review', NULL, NULL,
    '{"destination":"/tmp/billing-reconciliation-review"}',
    (unixepoch('now', '-7 minutes', '-59 seconds') * 1000)),

  ('txn-billing-ledger-delete', 'tclone', 'delete', 'started',
    'billing-ledger-backfill', NULL, 'billing-api-maintenance', '/workspace/billing-api',
    'Deleting discarded ledger backfill environment', NULL, NULL, NULL,
    (unixepoch('now', '-5 minutes') * 1000)),
  ('txn-billing-ledger-delete', 'tclone', 'delete', 'succeeded',
    'billing-ledger-backfill', NULL, 'billing-api-maintenance', '/workspace/billing-api',
    'Deleted ledger backfill environment; transaction history retained', NULL, NULL,
    '{"container":"removed","history_retained":true}',
    (unixepoch('now', '-4 minutes', '-59 seconds') * 1000));

COMMIT;
